<?xml version="1.0" encoding="ISO-8859-1"?>
<web-fragment xmlns="http://java.sun.com/xml/ns/javaee"
    xmlns:xsi="http://www.w3.org/2001/XMLSchema-instance"
    xsi:schemaLocation="http://java.sun.com/xml/ns/javaee http://java.sun.com/xml/ns/javaee/web-fragment_3_0.xsd"
    version="3.0"
>
    <servlet>
        <servlet-name>FragmentServlet</servlet-name>
        <servlet-class>fragment.servlet.FragmentServlet</servlet-class>
    </servlet>
    <servlet-mapping>
        <servlet-name>FragmentServlet</servlet-name>
        <url-pattern>/fragment</url-pattern>        
    </servlet-mapping>
</web-fragment>